firstName;surname;emailAddress;gender;grade;hairColor;classRoom
Heinrick;Norbury;hnorbury0@deviantart.com;M;11;Blonde;B
Glynda;Willarton;gwillarton1@washingtonpost.com;F;12;Blonde;C
Joscelin;Laffling;jlaffling2@geocities.com;F;9;Ginger;A
Katy;Ianelli;kianelli3@eventbrite.com;F;8;Blonde;C
Modesta;Perrett;mperrett4@mysql.com;F;11;Ginger;A
Johna;Cholwell;jcholwell5@1und1.de;F;11;Ginger;A
Jeanne;Caswall;jcaswall6@bluehost.com;F;10;Black;C
Mackenzie;Kinsett;mkinsett7@sciencedirect.com;M;12;Black;B
Lisha;Lewknor;llewknor8@wikispaces.com;F;11;Brown;B
Mose;Rodriguez;mrodriguez9@domainmarket.com;M;9;Blonde;A
Auberta;Shipp;ashippa@ftc.gov;F;9;Brown;A
Neddy;Taylour;ntaylourb@t.co;M;11;Black;A
Bee;Mifflin;bmifflinc@hud.gov;F;11;Black;A
Elberta;Lessmare;elessmared@kickstarter.com;F;8;Black;B
Bord;Luchelli;bluchellie@dell.com;M;11;Black;B
Ravid;Poppleston;rpopplestonf@yandex.ru;M;12;Blonde;B
Tate;Vivyan;tvivyang@latimes.com;M;8;Ginger;B
Coleman;Eadmead;ceadmeadh@joomla.org;M;9;Ginger;C
Ag;Braemer;abraemeri@pcworld.com;F;12;Brown;A
Astrix;Pietrzyk;apietrzykj@princeton.edu;F;12;Blonde;B
Garwin;Simmins;gsimminsk@wikispaces.com;M;10;Ginger;B
Pascal;Stitcher;pstitcherl@whitehouse.gov;M;9;Blonde;A
Jed;Keeney;jkeeneym@zdnet.com;M;8;Brown;A
Maren;De Lascy;mdelascyn@ask.com;F;9;Brown;A
Bern;Slemming;bslemmingo@feedburner.com;M;12;Black;A
Sutherland;Fairbrother;sfairbrotherp@youku.com;M;9;Brown;A
Urson;Growcott;ugrowcottq@arizona.edu;M;12;Black;B
Donalt;Havock;dhavockr@howstuffworks.com;M;12;Blonde;A
Bail;Tyrer;btyrers@ft.com;M;10;Black;C
Tanny;Crossley;tcrossleyt@lulu.com;M;11;Black;B
Lee;Renhard;lrenhardu@biglobe.ne.jp;F;8;Ginger;A
Kalil;Pagelsen;kpagelsenv@ox.ac.uk;M;10;Blonde;C
Rowen;Jessard;rjessardw@macromedia.com;M;8;Ginger;B
Giovanni;Milbank;gmilbankx@diigo.com;M;12;Blonde;B
Guendolen;Trundler;gtrundlery@etsy.com;F;12;Brown;C
Gabrila;Pack;gpackz@biglobe.ne.jp;F;11;Brown;C
Collete;Bolduc;cbolduc10@google.ca;F;8;Black;A
Jaymee;Kynston;jkynston11@i2i.jp;F;11;Blonde;C
Beryl;Shillingford;bshillingford12@w3.org;F;8;Brown;A
Melody;Newark;mnewark13@wikia.com;F;8;Brown;B
Jesse;Rolling;jrolling14@blinklist.com;M;12;Black;A
Casar;Naris;cnaris15@goo.gl;M;9;Black;C
Elwood;Blamire;eblamire16@storify.com;M;9;Blonde;A
Marlane;ODriscoll;modriscoll17@digg.com;F;10;Brown;B
Tiffani;Deshorts;tdeshorts18@usa.gov;F;8;Blonde;B
Rawley;Harms;rharms19@hugedomains.com;M;12;Ginger;B
Kyle;Forre;kforre1a@apple.com;F;12;Brown;B
Christy;Halbert;chalbert1b@biblegateway.com;M;11;Blonde;A
Alwin;Huggan;ahuggan1c@etsy.com;M;12;Brown;C
Filia;Blaasch;fblaasch1d@bloomberg.com;F;10;Ginger;A
Augustine;Hannant;ahannant1e@plala.or.jp;M;9;Black;B
Kelly;Bass;kbass1f@fda.gov;M;12;Ginger;B
Candie;Renols;crenols1g@fda.gov;F;10;Brown;C
Noella;Juett;njuett1h@reference.com;F;12;Brown;A
Seth;Skeleton;sskeleton1i@bing.com;M;12;Ginger;C
Chelsea;Manterfield;cmanterfield1j@freewebs.com;F;11;Brown;B
Lucie;Calabry;lcalabry1k@elpais.com;F;12;Blonde;A
Vivien;Fulstow;vfulstow1l@umn.edu;F;9;Brown;A
Calla;Cossentine;ccossentine1m@mit.edu;F;9;Blonde;B
Natal;Snipe;nsnipe1n@netscape.com;M;11;Ginger;B
Dieter;Rolingson;drolingson1o@ameblo.jp;M;9;Blonde;A
Carter;Cron;ccron1p@mlb.com;M;8;Brown;C
Val;Turbern;vturbern1q@go.com;M;8;Brown;C
Charlena;Tobin;ctobin1r@hibu.com;F;11;Ginger;C
Rockey;Evetts;revetts1s@narod.ru;M;11;Brown;B
Raoul;Crommett;rcrommett1t@newsvine.com;M;11;Black;A
Marci;Polet;mpolet1u@dailymail.co.uk;F;8;Black;A
Alfred;Andriveaux;aandriveaux1v@dailymotion.com;M;9;Blonde;C
Roobbie;Gocher;rgocher1w@wp.com;F;10;Blonde;C
Leonardo;Fraschetti;lfraschetti1x@tripadvisor.com;M;9;Black;B
Hakeem;Pegden;hpegden1y@mlb.com;M;10;Black;A
Kaleena;Bringloe;kbringloe1z@yelp.com;F;11;Ginger;C
Barnaby;Cumpsty;bcumpsty20@gravatar.com;M;10;Blonde;B
Raquela;Oxtiby;roxtiby21@theatlantic.com;F;12;Ginger;A
Town;Jollye;tjollye22@virginia.edu;M;10;Brown;C
Celesta;Tenbrug;ctenbrug23@slashdot.org;F;11;Black;B
Oren;Mercey;omercey24@fda.gov;M;9;Black;C
Odella;Ragsdall;oragsdall25@wikipedia.org;F;12;Brown;B
Baxter;Yerborn;byerborn26@elpais.com;M;10;Brown;C
Allin;Della Scala;adellascala27@netvibes.com;M;12;Brown;C
Sylvia;Rollinson;srollinson28@bluehost.com;F;8;Brown;B
Wilek;Kelling;wkelling29@myspace.com;M;8;Brown;A
Niki;Sharkey;nsharkey2a@huffingtonpost.com;F;12;Brown;B
Mahalia;Faucett;mfaucett2b@alexa.com;F;11;Blonde;A
Nannie;Minker;nminker2c@wp.com;F;8;Blonde;B
Alverta;Graeme;agraeme2d@nifty.com;F;9;Black;C
Elsi;Cathrae;ecathrae2e@japanpost.jp;F;8;Blonde;B
Kort;McIllroy;kmcillroy2f@pinterest.com;M;10;Black;B
Aaron;Taberner;ataberner2g@upenn.edu;M;12;Black;A
Vernice;Regis;vregis2h@latimes.com;F;10;Brown;C
Livvyy;Redit;lredit2i@quantcast.com;F;11;Ginger;C
Coop;Druce;cdruce2j@hibu.com;M;12;Ginger;A
Bobby;Benny;bbenny2k@networkadvertising.org;F;9;Brown;B
Abigail;Lobell;alobell2l@so-net.ne.jp;F;10;Ginger;B
Gregory;Girk;ggirk2m@sogou.com;M;9;Brown;B
Sammy;Darrigone;sdarrigone2n@barnesandnoble.com;F;10;Blonde;B
Byrle;Sermin;bsermin2o@ft.com;M;9;Black;C
Kort;Goldie;kgoldie2p@utexas.edu;M;9;Ginger;A
Jaimie;Yukhin;jyukhin2q@ameblo.jp;F;8;Black;C
Goraud;Brickner;gbrickner2r@ucsd.edu;M;10;Ginger;B
Dian;Boice;dboice2s@mtv.com;F;9;Ginger;A
Manolo;Fair;mfair2t@topsy.com;M;12;Black;C
Ruth;McKeand;rmckeand2u@deviantart.com;F;10;Blonde;B
Giusto;Swepson;gswepson2v@netlog.com;M;12;Black;C
Delainey;Herkess;dherkess2w@flickr.com;M;11;Black;A
Vasily;Haizelden;vhaizelden2x@chron.com;M;9;Black;B
Lodovico;Sissel;lsissel2y@aol.com;M;9;Brown;C
Der;Tremelling;dtremelling2z@nifty.com;M;8;Black;A
Bern;Pawley;bpawley30@wikipedia.org;M;10;Blonde;A
Frieda;Halliburton;fhalliburton31@theguardian.com;F;12;Brown;C
Anthony;Lochead;alochead32@ycombinator.com;M;10;Ginger;C
Bernete;Geddis;bgeddis33@redcross.org;F;10;Brown;C
Llywellyn;Jatczak;ljatczak34@wsj.com;M;11;Black;B
Mavis;OIlier;moilier35@nytimes.com;F;9;Blonde;A
Wayland;Ivanonko;wivanonko36@webmd.com;M;8;Brown;C
Buckie;Fronczak;bfronczak37@wikipedia.org;M;10;Ginger;B
Krishnah;Bowcock;kbowcock38@cornell.edu;M;11;Black;A
Lindsay;Dean;ldean39@blinklist.com;F;10;Blonde;A
Gregor;Yokelman;gyokelman3a@printfriendly.com;M;8;Ginger;A
Rogerio;Ennor;rennor3b@psu.edu;M;11;Black;B
Diane-marie;Trytsman;dtrytsman3c@drupal.org;F;12;Black;A
Emelita;Priden;epriden3d@live.com;F;9;Ginger;B
Jillane;Treadgall;jtreadgall3e@goo.gl;F;11;Blonde;B
Blane;Chettoe;bchettoe3f@amazon.com;M;9;Brown;A
Kenyon;Giller;kgiller3g@163.com;M;8;Ginger;A
Carilyn;Farnes;cfarnes3h@comcast.net;F;11;Black;B
Dedra;Dressel;ddressel3i@gmpg.org;F;10;Blonde;A
Sapphire;Ovesen;sovesen3j@cargocollective.com;F;12;Blonde;C
Doy;Filipson;dfilipson3k@google.co.jp;M;11;Ginger;A
Lorne;Cromarty;lcromarty3l@guardian.co.uk;F;8;Blonde;B
Ann-marie;Queen;aqueen3m@yellowbook.com;F;12;Black;B
Russ;Spalton;rspalton3n@pbs.org;M;11;Black;C
Ida;Janney;ijanney3o@psu.edu;F;11;Black;A
Eberhard;Juden;ejuden3p@squarespace.com;M;8;Blonde;A
Holly;Meakin;hmeakin3q@php.net;M;9;Black;B
Thom;Wishart;twishart3r@sourceforge.net;M;8;Black;C
Christie;Hemshall;chemshall3s@slate.com;F;10;Brown;A
Tracie;Suddards;tsuddards3t@berkeley.edu;F;12;Black;B
Elsa;McLay;emclay3u@quantcast.com;F;8;Brown;B
Garey;Dagnan;gdagnan3v@usda.gov;M;9;Ginger;C
Laurent;Weblin;lweblin3w@mozilla.com;M;10;Ginger;C
Giulia;Ramelot;gramelot3x@home.pl;F;8;Ginger;C
Martica;Bullant;mbullant3y@gizmodo.com;F;12;Brown;B
Romeo;Beckham;rbeckham3z@umn.edu;M;11;Blonde;A
Amargo;Cornels;acornels40@stanford.edu;F;11;Ginger;C
Timmie;Swetman;tswetman41@alexa.com;F;11;Black;A
Janice;Dennerly;jdennerly42@aboutads.info;F;9;Black;C
Lambert;De Witt;ldewitt43@diigo.com;M;8;Blonde;C
Muriel;Goch;mgoch44@360.cn;F;12;Ginger;C
Karyl;Treen;ktreen45@plala.or.jp;F;9;Blonde;C
Tristan;Pirdy;tpirdy46@so-net.ne.jp;M;12;Ginger;B
Josepha;Niesing;jniesing47@ifeng.com;F;10;Blonde;B
Norby;Sollas;nsollas48@reverbnation.com;M;9;Brown;B
Christye;Bloomer;cbloomer49@chicagotribune.com;F;8;Brown;C
Reta;Tourot;rtourot4a@cnn.com;F;10;Ginger;C
Garret;Eathorne;geathorne4b@guardian.co.uk;M;10;Ginger;A
Gibby;Kitlee;gkitlee4c@com.com;M;10;Brown;B
Chevy;Hamblyn;chamblyn4d@yolasite.com;M;10;Brown;A
Avril;Have;ahave4e@marriott.com;F;11;Brown;B
Hubie;Wisker;hwisker4f@artisteer.com;M;10;Ginger;A
Tammie;Eicke;teicke4g@ask.com;F;8;Ginger;C
Neila;Jackson;njackson4h@indiegogo.com;F;11;Ginger;A
Matteo;Ackerman;mackerman4i@wired.com;M;8;Ginger;A
Osbert;Ferre;oferre4j@cornell.edu;M;8;Black;A
Fallon;Williams;fwilliams4k@miitbeian.gov.cn;F;12;Ginger;B
Raimundo;Crat;rcrat4l@springer.com;M;8;Black;C
Isabeau;Cleatherow;icleatherow4m@hugedomains.com;F;10;Brown;C
Maximilian;Dampney;mdampney4n@oaic.gov.au;M;10;Brown;A
Skylar;Benduhn;sbenduhn4o@ed.gov;M;8;Ginger;A
Christabel;Ballham;cballham4p@answers.com;F;11;Ginger;B
Reinald;Fergyson;rfergyson4q@shareasale.com;M;11;Blonde;A
Benjamen;Adamou;badamou4r@archive.org;M;12;Brown;B
Lorne;Christescu;lchristescu4s@gnu.org;F;8;Brown;A
Joeann;Rany;jrany4t@tripadvisor.com;F;11;Brown;C
Frazer;Punshon;fpunshon4u@edublogs.org;M;12;Black;B
Calv;Trobey;ctrobey4v@over-blog.com;M;11;Blonde;C
Sheridan;Ellacombe;sellacombe4w@youtu.be;M;11;Brown;C
Zared;Fourmy;zfourmy4x@sun.com;M;11;Brown;A
Sascha;Snowden;ssnowden4y@liveinternet.ru;F;9;Black;B
Nevins;Btham;nbtham4z@sfgate.com;M;10;Brown;A
Marni;Bygate;mbygate50@archive.org;F;10;Brown;A
Emogene;Beardon;ebeardon51@state.tx.us;F;8;Brown;A
Cointon;Pieche;cpieche52@irs.gov;M;12;Ginger;C
Joelie;Bowmer;jbowmer53@newsvine.com;F;9;Blonde;C
Charis;Artrick;cartrick54@cdc.gov;F;9;Ginger;B
Cale;Melody;cmelody55@desdev.cn;M;11;Ginger;C
Arleen;Castanone;acastanone56@cargocollective.com;F;12;Ginger;B
Lorry;Duley;lduley57@fema.gov;F;11;Black;C
Clovis;Tomsen;ctomsen58@utexas.edu;F;11;Blonde;B
Ransell;Bigglestone;rbigglestone59@deliciousdays.com;M;10;Ginger;B
Andre;Leif;aleif5a@360.cn;M;12;Blonde;B
Evangelia;Camerati;ecamerati5b@wp.com;F;10;Brown;C
Casey;Eton;ceton5c@umn.edu;F;9;Ginger;A
Austin;Rubke;arubke5d@google.de;F;11;Black;C
Maurine;Staggs;mstaggs5e@cmu.edu;F;10;Brown;C
Joyous;Grangier;jgrangier5f@1688.com;F;9;Brown;A
Wendel;Noddings;wnoddings5g@surveymonkey.com;M;12;Blonde;B
Denver;Yarrall;dyarrall5h@dot.gov;M;12;Brown;A
Delora;OHaire;dohaire5i@reverbnation.com;F;12;Ginger;A
Vasilis;Hens;vhens5j@moonfruit.com;M;11;Black;C
Cassaundra;Chesney;cchesney5k@oaic.gov.au;F;9;Brown;B
Lorrie;Medlar;lmedlar5l@youtu.be;M;10;Brown;B
Myrle;Le Blond;mleblond5m@washingtonpost.com;F;9;Brown;C
Stanly;Leiden;sleiden5n@ucoz.ru;M;10;Ginger;C
Hillie;Burle;hburle5o@google.com.au;M;10;Ginger;A
Kienan;Krug;kkrug5p@examiner.com;M;10;Brown;C
Alexandre;Spellar;aspellar5q@bing.com;M;9;Black;B
Bayard;Kirkbright;bkirkbright5r@reference.com;M;11;Black;B
Raul;Dyster;rdyster5s@dmoz.org;M;11;Ginger;C
Christin;Listone;clistone5t@narod.ru;F;9;Brown;C
Andi;Peaseman;apeaseman5u@baidu.com;F;11;Blonde;C
Obidiah;Sterland;osterland5v@tamu.edu;M;9;Brown;A
Ingar;Netley;inetley5w@google.pl;M;10;Brown;B
Latia;Halleday;lhalleday5x@economist.com;F;8;Blonde;A
Chrystal;Garnsworthy;cgarnsworthy5y@seattletimes.com;F;8;Blonde;B
Frasquito;Peeters;fpeeters5z@vinaora.com;M;9;Blonde;A
Anneliese;Treves;atreves60@webnode.com;F;11;Brown;C
Bord;Derdes;bderdes61@google.it;M;8;Black;B
Jodie;Bowbrick;jbowbrick62@imgur.com;F;9;Ginger;B
Tabbatha;Skarman;tskarman63@skype.com;F;8;Blonde;A
Les;Lowres;llowres64@independent.co.uk;M;11;Ginger;A
Heywood;Briant;hbriant65@vimeo.com;M;9;Brown;A
Chelsie;McRobbie;cmcrobbie66@devhub.com;F;9;Ginger;C
Howey;Macquire;hmacquire67@symantec.com;M;12;Ginger;C
Keefe;Stockman;kstockman68@intel.com;M;8;Black;B
Myrvyn;Sansom;msansom69@ft.com;M;11;Blonde;C
Wesley;McGarvey;wmcgarvey6a@storify.com;M;8;Ginger;B
Melodee;Maffeo;mmaffeo6b@cdbaby.com;F;10;Blonde;B
Aland;Golthorpp;agolthorpp6c@homestead.com;M;8;Ginger;C
Mignonne;Cruikshank;mcruikshank6d@wp.com;F;12;Black;C
Pansie;Tuftin;ptuftin6e@mapquest.com;F;9;Ginger;C
Annalise;Pinner;apinner6f@freewebs.com;F;11;Blonde;A
Wayland;Gommes;wgommes6g@instagram.com;M;12;Ginger;C
Franzen;Mawditt;fmawditt6h@mit.edu;M;9;Black;B
Gerda;Shoreson;gshoreson6i@chron.com;F;10;Blonde;A
Armin;Beswell;abeswell6j@g.co;M;8;Blonde;C
Ilyssa;Jacobs;ijacobs6k@fc2.com;F;10;Blonde;B
Dorian;Pinkard;dpinkard6l@topsy.com;M;8;Brown;B
Aigneis;Dovydenas;adovydenas6m@reverbnation.com;F;8;Blonde;C
Blondie;Campelli;bcampelli6n@nationalgeographic.com;F;9;Brown;A
Tawsha;Itzkovich;titzkovich6o@csmonitor.com;F;9;Black;C
Zebadiah;Conningham;zconningham6p@zimbio.com;M;12;Brown;A
Trumann;MacRirie;tmacririe6q@vistaprint.com;M;8;Brown;A
Feodora;Marson;fmarson6r@umich.edu;F;8;Black;A
Sela;Bramham;sbramham6s@chronoengine.com;F;9;Black;C
Lynn;Hinners;lhinners6t@devhub.com;M;9;Black;A
Gayle;Llewellin;gllewellin6u@google.ru;F;9;Brown;A
Shanon;Wellan;swellan6v@hubpages.com;F;8;Brown;C
Nicolai;January;njanuary6w@hugedomains.com;M;10;Blonde;A
Rustie;Ernshaw;rernshaw6x@wunderground.com;M;11;Black;C
Molly;Branscombe;mbranscombe6y@instagram.com;F;8;Black;C
Dosi;Samuel;dsamuel6z@ask.com;F;12;Ginger;A
Joane;Seavers;jseavers70@usa.gov;F;10;Ginger;C
Karon;Guisby;kguisby71@vistaprint.com;F;12;Black;C
Alia;Kobes;akobes72@wisc.edu;F;11;Blonde;A
Fredelia;Remirez;fremirez73@sina.com.cn;F;9;Black;B
Ruperto;MacCague;rmaccague74@php.net;M;10;Ginger;B
Ely;Esseby;eesseby75@reverbnation.com;M;9;Brown;A
Lizette;Chart;lchart76@tinypic.com;F;12;Black;A
Sigismund;Dmitrovic;sdmitrovic77@360.cn;M;11;Black;C
Marice;Penley;mpenley78@privacy.gov.au;F;10;Black;A
Alan;Issett;aissett79@home.pl;M;9;Brown;A
Mab;Vandenhoff;mvandenhoff7a@bloglines.com;F;10;Brown;C
Germaine;Campbell;gcampbell7b@netvibes.com;M;12;Brown;C
Bev;Ollett;bollett7c@live.com;F;11;Brown;B
Carlen;Itzchaky;citzchaky7d@psu.edu;F;8;Brown;A
Granny;Croney;gcroney7e@wikipedia.org;M;10;Blonde;C
Lanita;Farnfield;lfarnfield7f@hexun.com;F;11;Black;A
Horace;Grigori;hgrigori7g@blogspot.com;M;12;Blonde;B
Nowell;Everard;neverard7h@engadget.com;M;12;Ginger;C
Lewes;Boltwood;lboltwood7i@youku.com;M;10;Black;B
Rebecca;Worham;rworham7j@hhs.gov;F;9;Brown;C
Dorothy;Matiashvili;dmatiashvili7k@desdev.cn;F;11;Black;A
Gaspard;Barents;gbarents7l@spiegel.de;M;8;Ginger;A
Lenci;Gorriessen;lgorriessen7m@spotify.com;M;9;Blonde;C
Lew;Houlworth;lhoulworth7n@hud.gov;M;11;Ginger;B
Tuckie;McCaster;tmccaster7o@unicef.org;M;9;Ginger;A
Richie;Banbrick;rbanbrick7p@umn.edu;M;11;Blonde;C
Carroll;Chatteris;cchatteris7q@live.com;M;8;Black;B
Heddi;Vannuchi;hvannuchi7r@sciencedirect.com;F;12;Black;B
Frederik;Spalls;fspalls7s@squarespace.com;M;11;Brown;B
Dawn;Zelake;dzelake7t@github.io;F;10;Ginger;B
Jessee;Rubenczyk;jrubenczyk7u@miitbeian.gov.cn;M;11;Brown;C
Caz;Bimson;cbimson7v@unesco.org;M;12;Black;A
Molli;Schoenfisch;mschoenfisch7w@comcast.net;F;12;Brown;A
Tommy;Gillice;tgillice7x@sbwire.com;M;12;Ginger;C
Bryn;Farfoot;bfarfoot7y@meetup.com;M;11;Ginger;A
Ferdie;Hague;fhague7z@cargocollective.com;M;8;Brown;B
Nefen;Giovannilli;ngiovannilli80@washington.edu;M;11;Black;B
Ferris;Mangeot;fmangeot81@furl.net;M;10;Blonde;C
Rickie;Woollett;rwoollett82@sina.com.cn;M;11;Ginger;B
Violante;Breeton;vbreeton83@ow.ly;F;10;Blonde;A
Levey;OHearn;lohearn84@tiny.cc;M;12;Brown;C
Isidora;Dignan;idignan85@yelp.com;F;9;Ginger;B
Phyllis;Lodo;plodo86@shutterfly.com;F;11;Black;C
Gerry;Masden;gmasden87@usda.gov;M;10;Blonde;A
Harlan;Filkin;hfilkin88@1688.com;M;11;Black;C
Rafe;Yushin;ryushin89@omniture.com;M;10;Blonde;C
Lonnard;Prozillo;lprozillo8a@hao123.com;M;11;Ginger;C
Ondrea;Dibbin;odibbin8b@blogger.com;F;8;Black;C
Tanney;Iamittii;tiamittii8c@mac.com;M;12;Blonde;A
Asher;Causby;acausby8d@shareasale.com;M;11;Ginger;C
Retha;Maberley;rmaberley8e@moonfruit.com;F;11;Ginger;B
Halie;Gerrans;hgerrans8f@huffingtonpost.com;F;8;Black;A
Tully;Biggadyke;tbiggadyke8g@sakura.ne.jp;M;12;Ginger;A
Winfield;Guiducci;wguiducci8h@free.fr;M;12;Ginger;C
Giulio;Curnucke;gcurnucke8i@bloglines.com;M;10;Brown;A
Ernest;Eaglestone;eeaglestone8j@hibu.com;M;11;Black;A
Roger;Kestle;rkestle8k@microsoft.com;M;9;Blonde;B
Dun;Orfeur;dorfeur8l@reverbnation.com;M;10;Ginger;B
Cecilla;Balden;cbalden8m@imdb.com;F;10;Blonde;C
Gilligan;Adamiec;gadamiec8n@freewebs.com;F;8;Black;C
Abel;Shorter;ashorter8o@drupal.org;M;9;Black;A
Beniamino;Duxbarry;bduxbarry8p@cam.ac.uk;M;10;Blonde;B
Cobb;Purdom;cpurdom8q@cnet.com;M;9;Ginger;C
Jemima;Folomin;jfolomin8r@sina.com.cn;F;11;Brown;B
Tomas;Gurden;tgurden8s@java.com;M;9;Brown;A
Joe;Vousden;jvousden8t@youku.com;M;12;Black;C
Gerrie;Letham;gletham8u@netlog.com;F;9;Ginger;B
Carola;Sant;csant8v@google.it;F;12;Ginger;B
Nicky;Bottoner;nbottoner8w@t-online.de;F;9;Brown;A
Lindi;Riddles;lriddles8x@discovery.com;F;9;Brown;C
Renato;Foulis;rfoulis8y@columbia.edu;M;11;Brown;B
Sibyl;Yuryev;syuryev8z@msn.com;M;11;Ginger;C
Doro;Chellam;dchellam90@nih.gov;F;8;Brown;C
Stacie;Bartell;sbartell91@arstechnica.com;F;10;Ginger;A
Monti;Elsmore;melsmore92@eventbrite.com;M;12;Brown;A
Adams;Wem;awem93@ted.com;M;12;Brown;B
Mead;Sherwill;msherwill94@ca.gov;M;11;Ginger;A
Cristy;Wollrauch;cwollrauch95@shinystat.com;F;10;Black;A
Randie;Sodo;rsodo96@wufoo.com;F;9;Ginger;C
Dallis;Wyvill;dwyvill97@blogger.com;M;12;Ginger;B
Andrea;Chetwynd;achetwynd98@netlog.com;M;11;Brown;A
Edyth;Mabbs;emabbs99@g.co;F;10;Black;B
Cosette;Steinson;csteinson9a@spotify.com;F;8;Black;C
Reid;Simondson;rsimondson9b@cdbaby.com;M;12;Blonde;C
Karola;Stedmond;kstedmond9c@i2i.jp;F;9;Black;A
Uriah;Belloch;ubelloch9d@ebay.com;M;11;Brown;A
Sutherland;Glyde;sglyde9e@stumbleupon.com;M;11;Ginger;A
Cristabel;Nuss;cnuss9f@oakley.com;F;8;Ginger;C
Jillie;Krollmann;jkrollmann9g@nytimes.com;F;9;Brown;C
Cherida;Cotesford;ccotesford9h@admin.ch;F;8;Black;B
Quentin;Biggadyke;qbiggadyke9i@nba.com;M;9;Black;A
Misti;Barrott;mbarrott9j@ed.gov;F;12;Blonde;A
Merrielle;Camelin;mcamelin9k@skyrock.com;F;8;Brown;C
Roze;Lancley;rlancley9l@discuz.net;F;9;Blonde;B
Elyse;Wolver;ewolver9m@bravesites.com;F;9;Ginger;C
Batholomew;Ackred;backred9n@utexas.edu;M;12;Blonde;A
Shelbi;Lyard;slyard9o@ameblo.jp;F;10;Ginger;B
Rikki;Bromell;rbromell9p@kickstarter.com;F;11;Black;B
Uri;Pien;upien9q@npr.org;M;12;Brown;C
Noak;Croshaw;ncroshaw9r@theguardian.com;M;12;Blonde;B
Gretchen;Kapelhof;gkapelhof9s@unc.edu;F;10;Brown;B
Kaitlyn;Whittleton;kwhittleton9t@histats.com;F;12;Brown;B
Aldous;Yanez;ayanez9u@nba.com;M;8;Ginger;A
Celestine;Scoates;cscoates9v@vkontakte.ru;F;10;Black;A
Avigdor;Pydcock;apydcock9w@hubpages.com;M;11;Brown;B
Estell;Blaschke;eblaschke9x@google.fr;F;8;Black;B
Oriana;Peeke;opeeke9y@unblog.fr;F;8;Ginger;C
Gradey;Milligan;gmilligan9z@uol.com.br;M;9;Blonde;B
Robinetta;di Rocca;rdiroccaa0@nifty.com;F;12;Ginger;C
Rozele;Carluccio;rcarluccioa1@drupal.org;F;11;Ginger;A
Kristofor;Letford;kletforda2@eventbrite.com;M;11;Blonde;B
Brenn;Pioli;bpiolia3@live.com;F;9;Brown;C
Dimitri;Castelletto;dcastellettoa4@exblog.jp;M;12;Black;C
Ursuline;Schnieder;uschniedera5@apple.com;F;8;Black;A
Ddene;Garrals;dgarralsa6@house.gov;F;10;Blonde;C
Dane;Plaxton;dplaxtona7@ft.com;M;9;Blonde;B
Verge;Pietraszek;vpietraszeka8@wordpress.org;M;9;Black;B
Shirleen;Casol;scasola9@nationalgeographic.com;F;12;Black;B
Nita;Lanktree;nlanktreeaa@usatoday.com;F;11;Ginger;C
Elfreda;Ivashnyov;eivashnyovab@miibeian.gov.cn;F;11;Blonde;A
Valery;Stonbridge;vstonbridgeac@hud.gov;F;10;Brown;B
Wolfie;Roden;wrodenad@wsj.com;M;8;Brown;C
Henri;Brimham;hbrimhamae@army.mil;M;12;Blonde;C
Hunter;Bestiman;hbestimanaf@wisc.edu;M;8;Ginger;A
Jada;Matis;jmatisag@360.cn;F;12;Black;A
Archer;Beeres;abeeresah@networksolutions.com;M;10;Blonde;A
Erskine;Wildey;ewildeyai@opera.com;M;10;Ginger;C
Garv;Yanuk;gyanukaj@wired.com;M;9;Black;B
Chaddie;Sigg;csiggak@chicagotribune.com;M;11;Black;A
Winston;Bischof;wbischofal@yandex.ru;M;11;Black;C
Adam;Castellaccio;acastellaccioam@over-blog.com;M;9;Black;C
Kris;Bunch;kbunchan@ebay.com;M;12;Ginger;B
Charlton;Jockle;cjockleao@cbsnews.com;M;9;Blonde;B
Danella;Fidler;dfidlerap@weibo.com;F;12;Ginger;B
Wilbert;Filoniere;wfiloniereaq@slate.com;M;11;Blonde;A
Charo;Liveley;cliveleyar@theatlantic.com;F;8;Blonde;C
Way;Buttery;wbutteryas@cnbc.com;M;9;Blonde;B
Jeff;Baldetti;jbaldettiat@bizjournals.com;M;9;Ginger;A
Boniface;MacAulay;bmacaulayau@jimdo.com;M;11;Ginger;A
Cameron;Pennings;cpenningsav@biblegateway.com;M;10;Brown;A
Terrie;Atkins;tatkinsaw@aol.com;F;12;Brown;B
Ericha;Floyde;efloydeax@npr.org;F;8;Ginger;B
Rene;Orrock;rorrockay@uiuc.edu;M;10;Ginger;C
Basilio;Headford;bheadfordaz@youtu.be;M;8;Black;A
Elinore;Savory;esavoryb0@unblog.fr;F;8;Ginger;C
Reinaldos;Scougal;rscougalb1@theguardian.com;M;10;Ginger;A
Martainn;Narrie;mnarrieb2@indiegogo.com;M;11;Brown;B
Odey;Geffen;ogeffenb3@ow.ly;M;12;Blonde;C
Shannon;Rickword;srickwordb4@g.co;F;8;Brown;A
Luciana;Prosek;lprosekb5@exblog.jp;F;8;Brown;B
Shel;Charlesworth;scharlesworthb6@house.gov;F;8;Brown;B
Kordula;Garvin;kgarvinb7@nyu.edu;F;11;Blonde;C
Gottfried;Vasilkov;gvasilkovb8@lulu.com;M;11;Black;C
Uriel;Streater;ustreaterb9@examiner.com;M;8;Black;B
Dunn;Jansky;djanskyba@list-manage.com;M;12;Brown;A
Isac;McMurdo;imcmurdobb@netvibes.com;M;9;Blonde;B
Heidi;Zimmerman;hzimmermanbc@clickbank.net;F;9;Brown;A
Zuzana;Waltho;zwalthobd@delicious.com;F;12;Ginger;C
Bertie;Kittredge;bkittredgebe@nhs.uk;F;10;Black;C
Sharline;Karmel;skarmelbf@go.com;F;9;Brown;B
Thadeus;Daouze;tdaouzebg@google.es;M;8;Blonde;B
Bartholomew;Dole;bdolebh@ftc.gov;M;12;Brown;B
Rakel;Poland;rpolandbi@ask.com;F;12;Brown;A
Theodora;Enriques;tenriquesbj@yahoo.com;F;12;Brown;B
Walker;Gordon-Giles;wgordongilesbk@blinklist.com;M;12;Ginger;B
Merrile;Gregoire;mgregoirebl@usatoday.com;F;11;Brown;A
Helene;Shingles;hshinglesbm@wikimedia.org;F;12;Blonde;C
Brandon;Jimmes;bjimmesbn@hostgator.com;M;9;Black;B
Evangelina;Tellenbrook;etellenbrookbo@hubpages.com;F;9;Black;A
Nathaniel;Pizzie;npizziebp@discovery.com;M;12;Ginger;B
Idette;Pleming;iplemingbq@yale.edu;F;9;Brown;A
Franky;Sikorsky;fsikorskybr@bloglines.com;F;12;Brown;A
Lilas;Redler;lredlerbs@hostgator.com;F;9;Brown;B
Hortense;Dansie;hdansiebt@zimbio.com;F;10;Black;B
Federico;Skerritt;fskerrittbu@digg.com;M;10;Black;A
Warden;Flescher;wflescherbv@jigsy.com;M;9;Blonde;C
Sasha;Rosenkrantz;srosenkrantzbw@cdbaby.com;F;11;Black;B
Perceval;Jimeno;pjimenobx@exblog.jp;M;10;Black;B
Alberto;Trussler;atrusslerby@1688.com;M;11;Black;A
Lishe;Waterstone;lwaterstonebz@sourceforge.net;F;9;Brown;A
Baldwin;Van Bruggen;bvanbruggenc0@g.co;M;9;Black;C
Babs;Forri;bforric1@360.cn;F;11;Black;C
Blanch;Poinsett;bpoinsettc2@twitter.com;F;9;Brown;A
Rollie;Vokins;rvokinsc3@vimeo.com;M;12;Brown;C
Robinetta;Blois;rbloisc4@slashdot.org;F;8;Blonde;A
Rosamond;Batsford;rbatsfordc5@yellowpages.com;F;10;Ginger;C
Berkie;Ciubutaro;bciubutaroc6@taobao.com;M;10;Brown;A
Laurel;Ors;lorsc7@msn.com;F;10;Ginger;B
Samuele;Derr;sderrc8@jiathis.com;M;8;Ginger;C
Will;Arundell;warundellc9@wiley.com;M;12;Black;A
Aron;Fasham;afashamca@1688.com;M;10;Black;A
Artur;Brahmer;abrahmercb@washington.edu;M;11;Black;C
Angie;Cocher;acochercc@wix.com;M;12;Blonde;C
Lanae;Yalden;lyaldencd@woothemes.com;F;8;Black;C
Keenan;Blakesley;kblakesleyce@unc.edu;M;9;Ginger;A
Marcie;Headingham;mheadinghamcf@tinypic.com;F;8;Brown;A
Georgie;Stealfox;gstealfoxcg@sourceforge.net;F;10;Blonde;B
Zelig;De Bruyn;zdebruynch@cmu.edu;M;10;Ginger;B
Garreth;Gilmour;ggilmourci@cargocollective.com;M;10;Brown;C
Carolus;Antoney;cantoneycj@apple.com;M;12;Black;C
Devon;Watman;dwatmanck@skyrock.com;F;12;Brown;B
Rolfe;Worlidge;rworlidgecl@china.com.cn;M;10;Blonde;B
Karil;Ryman;krymancm@telegraph.co.uk;F;11;Brown;C
Milton;Melchior;mmelchiorcn@sciencedaily.com;M;10;Blonde;B
Virgie;Hairon;vhaironco@ft.com;F;11;Blonde;B
Cynthy;Camocke;ccamockecp@xrea.com;F;12;Brown;C
Inglis;McMorland;imcmorlandcq@yahoo.com;M;9;Black;C
Benedicta;Gibbens;bgibbenscr@noaa.gov;F;11;Ginger;C
Judd;Bortolotti;jbortolottics@forbes.com;M;11;Black;C
Sherill;Paschke;spaschkect@reference.com;F;10;Black;A
Wilmette;Buckwell;wbuckwellcu@miibeian.gov.cn;F;9;Ginger;A
Candie;Dhennin;cdhennincv@google.fr;F;10;Brown;B
Lorenza;Carette;lcarettecw@theguardian.com;F;11;Brown;C
Maris;Blakeden;mblakedencx@behance.net;F;8;Black;C
Theo;Irvin;tirvincy@hexun.com;F;10;Ginger;B
Felipa;Crown;fcrowncz@google.com.br;F;12;Black;A
Jule;Ridder;jridderd0@seattletimes.com;M;8;Brown;A
Corrinne;Chesterman;cchestermand1@nps.gov;F;12;Brown;A
Duff;Hayter;dhayterd2@hp.com;M;11;Brown;C
Gaby;Tampling;gtamplingd3@paginegialle.it;F;8;Blonde;C
Zacherie;Braithwait;zbraithwaitd4@phpbb.com;M;12;Blonde;C
Nata;Timewell;ntimewelld5@yelp.com;F;8;Black;B
Aron;MacKeogh;amackeoghd6@dailymail.co.uk;M;8;Ginger;A
Denis;Culverhouse;dculverhoused7@friendfeed.com;M;12;Black;A
Colly;Serginson;cserginsond8@scribd.com;F;11;Blonde;B
Easter;Kift;ekiftd9@sitemeter.com;F;10;Ginger;C
Chas;Hattrick;chattrickda@multiply.com;M;11;Brown;B
Katrina;Lancaster;klancasterdb@amazon.de;F;9;Black;A
Kally;Mathivat;kmathivatdc@last.fm;F;12;Blonde;C
Devina;MacCostye;dmaccostyedd@zdnet.com;F;10;Blonde;A
Tuckie;Mateo;tmateode@fema.gov;M;10;Blonde;A
Daisy;Dunne;ddunnedf@squidoo.com;F;9;Brown;B
Nikola;Tolworthy;ntolworthydg@youtube.com;M;12;Blonde;C
Celina;Sumnall;csumnalldh@mac.com;F;9;Blonde;C
Gorden;Hales;ghalesdi@live.com;M;10;Brown;B
Celina;Satcher;csatcherdj@rambler.ru;F;9;Blonde;A
Joela;Valencia;jvalenciadk@samsung.com;F;12;Brown;C
Tammi;Gyves;tgyvesdl@cam.ac.uk;F;10;Blonde;B
Ruthe;Husband;rhusbanddm@theatlantic.com;F;12;Brown;B
Sayres;Edmonston;sedmonstondn@ca.gov;M;10;Black;A
Babbette;Wankling;bwanklingdo@theatlantic.com;F;11;Brown;A
Tamarah;Barrie;tbarriedp@netlog.com;F;9;Black;C
Rena;Minchenton;rminchentondq@bing.com;F;10;Blonde;A
Dorolisa;Djurevic;ddjurevicdr@theatlantic.com;F;11;Blonde;C
Shauna;Jeakins;sjeakinsds@ft.com;F;8;Ginger;C
Cirillo;MacGregor;cmacgregordt@globo.com;M;11;Ginger;C
Tod;Linne;tlinnedu@webmd.com;M;9;Black;B
Dorelle;Abden;dabdendv@earthlink.net;F;12;Brown;A
Sidnee;Davidai;sdavidaidw@delicious.com;M;9;Blonde;B
Lauren;Parradye;lparradyedx@zimbio.com;F;10;Blonde;A
Gothart;Prandin;gprandindy@unc.edu;M;12;Blonde;B
Bret;Dixon;bdixondz@smugmug.com;M;9;Black;A
Duke;Rains;drainse0@hugedomains.com;M;12;Black;B
Mariya;Kears;mkearse1@ycombinator.com;F;10;Black;B
Patrizio;Walshaw;pwalshawe2@vkontakte.ru;M;11;Ginger;B
Brigg;Malarkey;bmalarkeye3@goo.ne.jp;M;12;Blonde;B
Stavros;Ollerton;sollertone4@sun.com;M;10;Ginger;A
Shirleen;Balogh;sbaloghe5@ebay.co.uk;F;10;Brown;A
Drusy;Ruddy;druddye6@buzzfeed.com;F;10;Blonde;B
Adams;Hadenton;ahadentone7@cdc.gov;M;9;Blonde;C
Bertie;Hehl;bhehle8@de.vu;M;8;Brown;A
Sterling;Marcone;smarconee9@w3.org;M;12;Black;B
Durward;Ginn;dginnea@about.me;M;10;Blonde;B
Filberte;Malins;fmalinseb@nbcnews.com;M;10;Ginger;B
Lenora;Stanyan;lstanyanec@taobao.com;F;12;Black;B
Georgie;Kitcher;gkitchered@blog.com;F;8;Brown;B
Trever;Cardon;tcardonee@chronoengine.com;M;10;Brown;A
Aldin;Ingleson;ainglesonef@spiegel.de;M;8;Brown;C
Evaleen;Sibery;esiberyeg@go.com;F;10;Blonde;A
Godiva;Douty;gdoutyeh@google.com;F;9;Black;B
Tanney;Crabbe;tcrabbeei@illinois.edu;M;8;Black;A
Verile;Guyan;vguyanej@hao123.com;F;8;Blonde;A
Claudie;Yockley;cyockleyek@list-manage.com;F;8;Brown;C
Joey;Gerin;jgerinel@infoseek.co.jp;M;10;Ginger;A
Antone;Budgey;abudgeyem@nhs.uk;M;12;Brown;A
Daffi;Belton;dbeltonen@w3.org;F;9;Blonde;C
Mela;Jerzyk;mjerzykeo@telegraph.co.uk;F;12;Ginger;A
Clem;McCawley;cmccawleyep@ask.com;M;8;Ginger;A
Elvyn;McNamara;emcnamaraeq@google.nl;M;8;Ginger;A
Gaelan;Lampen;glampener@hao123.com;M;11;Black;A
Carmelita;Conachy;cconachyes@tumblr.com;F;8;Brown;A
Quentin;Lemoir;qlemoiret@pen.io;M;9;Ginger;C
Dori;Tuley;dtuleyeu@slate.com;F;11;Brown;B
Manny;Simpole;msimpoleev@howstuffworks.com;M;8;Black;C
Cherie;Hablot;chablotew@yolasite.com;F;12;Black;A
Jarrad;Chatan;jchatanex@homestead.com;M;8;Brown;A
Andee;Kipling;akiplingey@jalbum.net;F;9;Black;B
Dusty;Drakes;ddrakesez@unesco.org;F;9;Blonde;A
Demeter;Leggett;dleggettf0@imageshack.us;F;11;Ginger;B
Hendrik;Bengle;hbenglef1@blog.com;M;9;Black;B
Babita;Dobrowolny;bdobrowolnyf2@networksolutions.com;F;9;Blonde;B
Anthiathia;Ferriman;aferrimanf3@archive.org;F;12;Ginger;B
Matthiew;Beden;mbedenf4@squarespace.com;M;11;Black;B
Demetri;Furlow;dfurlowf5@163.com;M;8;Blonde;B
Kelby;Feaks;kfeaksf6@imgur.com;M;11;Ginger;B
Jackelyn;Tamas;jtamasf7@indiatimes.com;F;10;Ginger;B
Clarey;Rives;crivesf8@tamu.edu;F;10;Brown;C
Alfonse;Gostick;agostickf9@phpbb.com;M;12;Ginger;C
Valeria;Nolan;vnolanfa@shop-pro.jp;F;12;Brown;B
Pauly;Brien;pbrienfb@rediff.com;M;8;Blonde;B
Lincoln;Bolingbroke;lbolingbrokefc@ycombinator.com;M;9;Black;C
Pierce;Peperell;ppeperellfd@adobe.com;M;12;Black;C
Jayme;Shearme;jshearmefe@hatena.ne.jp;F;8;Black;A
Caleb;Haighton;chaightonff@nih.gov;M;12;Brown;B
Doralia;Pembridge;dpembridgefg@noaa.gov;F;10;Blonde;C
Bronson;Medford;bmedfordfh@nhs.uk;M;10;Ginger;C
Milicent;Stealfox;mstealfoxfi@hao123.com;F;10;Ginger;A
Gilles;Firbank;gfirbankfj@phpbb.com;M;12;Brown;B
Sebastiano;Dyte;sdytefk@answers.com;M;9;Ginger;B
Callean;Berks;cberksfl@redcross.org;M;10;Black;B
Tiffani;Ranald;tranaldfm@123-reg.co.uk;F;10;Ginger;A
Florri;Whyteman;fwhytemanfn@weibo.com;F;12;Brown;A
Charla;Breawood;cbreawoodfo@oracle.com;F;12;Blonde;C
Modestia;Whaplington;mwhaplingtonfp@spotify.com;F;11;Black;B
Beatrix;MacTerrelly;bmacterrellyfq@exblog.jp;F;10;Ginger;C
Minor;Trusdale;mtrusdalefr@ucoz.ru;M;12;Brown;B
Jacobo;Hallahan;jhallahanfs@adobe.com;M;8;Ginger;A
Bartholomeus;Boud;bboudft@about.com;M;8;Brown;A
Thom;Marrington;tmarringtonfu@zimbio.com;M;10;Black;C
Rois;Calterone;rcalteronefv@princeton.edu;F;10;Brown;A
Vasilis;Rawll;vrawllfw@buzzfeed.com;M;8;Black;C
Janie;Aspin;jaspinfx@indiatimes.com;F;8;Black;C
Lauryn;Mobbs;lmobbsfy@gravatar.com;F;8;Ginger;C
Gill;Sleite;gsleitefz@1688.com;F;8;Black;A
Jaymee;Staddart;jstaddartg0@craigslist.org;F;9;Blonde;B
Currey;Anyene;canyeneg1@bbb.org;M;11;Ginger;B
Fremont;Rivaland;frivalandg2@imdb.com;M;12;Brown;B
Auroora;Suggett;asuggettg3@ted.com;F;10;Blonde;A
Jodi;Karolowski;jkarolowskig4@vistaprint.com;M;8;Blonde;B
Samara;Blagdon;sblagdong5@chron.com;F;8;Brown;A
Erna;Vakhonin;evakhoning6@so-net.ne.jp;F;8;Ginger;B
Orland;Ridgewell;oridgewellg7@sciencedaily.com;M;8;Ginger;B
Dorine;Petracci;dpetraccig8@blogger.com;F;11;Brown;C
Otha;Postan;opostang9@vistaprint.com;F;9;Blonde;C
Charley;Djokic;cdjokicga@taobao.com;M;8;Black;A
Marabel;Tredwell;mtredwellgb@naver.com;F;8;Ginger;B
Georgie;Bunn;gbunngc@ning.com;F;10;Blonde;C
Guenna;Catanheira;gcatanheiragd@eventbrite.com;F;12;Blonde;B
Gay;Tenpenny;gtenpennyge@oakley.com;M;8;Black;B
Sid;Riedel;sriedelgf@cpanel.net;M;10;Black;C
Carmita;Scarfe;cscarfegg@cbc.ca;F;11;Blonde;C
Missie;Addinall;maddinallgh@amazonaws.com;F;11;Ginger;A
Bonita;Moens;bmoensgi@lycos.com;F;11;Brown;A
Annamaria;Janew;ajanewgj@mlb.com;F;9;Blonde;B
Lu;Fatharly;lfatharlygk@nytimes.com;F;9;Blonde;B
Luca;Cozins;lcozinsgl@google.pl;M;9;Ginger;A
Connie;Whodcoat;cwhodcoatgm@adobe.com;F;8;Black;B
Garrett;Gourdon;ggourdongn@furl.net;M;8;Blonde;A
Raffarty;Nicely;rnicelygo@newyorker.com;M;12;Ginger;B
Hyatt;Lasseter;hlassetergp@sbwire.com;M;11;Brown;A
Arlyne;Wallbutton;awallbuttongq@howstuffworks.com;F;11;Ginger;C
Gwynne;Thoresbie;gthoresbiegr@google.nl;F;10;Ginger;B
Shannan;Finnie;sfinniegs@timesonline.co.uk;M;12;Ginger;C
Smith;Rowatt;srowattgt@nih.gov;M;9;Blonde;A
Abramo;Culkin;aculkingu@nsw.gov.au;M;12;Brown;B
Katine;McArdle;kmcardlegv@simplemachines.org;F;10;Brown;A
Carroll;Howorth;choworthgw@ifeng.com;M;12;Black;B
Tami;Sarre;tsarregx@creativecommons.org;F;12;Ginger;B
Susan;Daens;sdaensgy@goo.gl;F;10;Black;A
Zeb;Tomasik;ztomasikgz@house.gov;M;8;Brown;C
Burch;Veevers;bveeversh0@imgur.com;M;8;Ginger;A
Kassia;Bedingfield;kbedingfieldh1@google.fr;F;11;Ginger;B
Sari;Cullip;sculliph2@paypal.com;F;12;Black;A
Gwyn;Andreini;gandreinih3@cisco.com;F;12;Blonde;B
Fay;Paffett;fpaffetth4@mlb.com;F;12;Ginger;B
Colver;Ruben;crubenh5@ning.com;M;9;Ginger;B
Leandra;Jereatt;ljereatth6@amazon.co.uk;F;12;Black;A
Lianne;Artrick;lartrickh7@uiuc.edu;F;11;Black;B
Nanine;Brownett;nbrownetth8@amazon.de;F;11;Black;A
Holt;Verick;hverickh9@salon.com;M;10;Black;B
Ximenes;Crellim;xcrellimha@china.com.cn;M;10;Black;B
Tine;Learman;tlearmanhb@ehow.com;F;10;Black;C
Viva;Daice;vdaicehc@geocities.jp;F;9;Brown;B
Renelle;Ogdahl;rogdahlhd@behance.net;F;8;Brown;B
Archibald;Whibley;awhibleyhe@1und1.de;M;9;Ginger;A
Donella;ODreain;dodreainhf@networksolutions.com;F;12;Black;A
Nathalie;De LIsle;ndelislehg@nbcnews.com;F;10;Blonde;C
Atlante;Shirer;ashirerhh@epa.gov;F;8;Blonde;B
Levon;Clohessy;lclohessyhi@webs.com;M;11;Ginger;B
Terrance;Crecy;tcrecyhj@facebook.com;M;8;Ginger;B
Prue;Rubert;pruberthk@cocolog-nifty.com;F;9;Blonde;B
Stearne;Hemphrey;shemphreyhl@geocities.com;M;12;Ginger;A
Kyla;Defty;kdeftyhm@nyu.edu;F;9;Blonde;C
Rodolphe;Darycott;rdarycotthn@sphinn.com;M;8;Ginger;C
Stephanus;Fearnill;sfearnillho@themeforest.net;M;9;Black;C
Artair;Seegar;aseegarhp@squidoo.com;M;12;Blonde;C
Tresa;Simionato;tsimionatohq@alexa.com;F;12;Brown;A
Leonard;Le Noire;llenoirehr@comcast.net;M;8;Blonde;C
Magdalena;Hrachovec;mhrachovechs@smugmug.com;F;11;Brown;B
Peggie;Glazier;pglazierht@hatena.ne.jp;F;8;Brown;A
Tracie;OHenery;toheneryhu@blogspot.com;F;12;Brown;A
Alain;Golden;agoldenhv@newsvine.com;M;12;Ginger;A
Regen;Sleight;rsleighthw@wisc.edu;M;11;Black;A
Shaine;Gatecliff;sgatecliffhx@g.co;F;11;Ginger;C
Rhona;Earney;rearneyhy@about.me;F;11;Blonde;C
Baldwin;Basketter;bbasketterhz@digg.com;M;10;Brown;A
Giovanna;Chadderton;gchaddertoni0@lycos.com;F;10;Black;C
Vonnie;Lahy;vlahyi1@wix.com;F;10;Blonde;A
Cammy;Whittock;cwhittocki2@eventbrite.com;M;12;Brown;B
Tedda;Blindmann;tblindmanni3@mapy.cz;F;11;Ginger;C
Aldin;Marzello;amarzelloi4@psu.edu;M;12;Blonde;B
Dallon;Gregory;dgregoryi5@cdc.gov;M;10;Ginger;A
Bev;Angrove;bangrovei6@lulu.com;F;10;Ginger;C
Zerk;Collidge;zcollidgei7@stumbleupon.com;M;11;Brown;B
Aubrey;Duggary;aduggaryi8@pcworld.com;M;9;Black;B
Harcourt;McGilmartin;hmcgilmartini9@360.cn;M;12;Brown;B
Sybyl;Joselovitch;sjoselovitchia@usnews.com;F;12;Brown;C
Lucila;Greenhall;lgreenhallib@xing.com;F;11;Brown;C
Osmund;Fylan;ofylanic@bloglovin.com;M;11;Brown;C
Madlin;Hughill;mhughillid@ycombinator.com;F;9;Blonde;B
Tabby;Borgnol;tborgnolie@columbia.edu;M;10;Black;A
Bear;Paoletto;bpaolettoif@hao123.com;M;8;Ginger;C
Lyda;De Blasio;ldeblasioig@gizmodo.com;F;12;Blonde;A
Reinald;Chittem;rchittemih@vk.com;M;8;Blonde;A
Cedric;Rangeley;crangeleyii@microsoft.com;M;9;Black;A
Ramsey;Knappe;rknappeij@moonfruit.com;M;9;Blonde;B
Thibaut;Crock;tcrockik@pen.io;M;12;Ginger;B
Glynn;Sharplin;gsharplinil@yahoo.com;M;12;Blonde;B
Cheryl;Bradford;cbradfordim@github.com;F;11;Black;C
Berton;McPhail;bmcphailin@cdbaby.com;M;9;Brown;C
Sissy;Fursse;sfursseio@washington.edu;F;11;Blonde;B
Jereme;Prandoni;jprandoniip@nasa.gov;M;8;Brown;A
Abner;Loade;aloadeiq@oracle.com;M;11;Blonde;A
Richardo;Moran;rmoranir@360.cn;M;8;Brown;A
Claudianus;Tompion;ctompionis@weebly.com;M;12;Blonde;C
Dita;Flaunders;dflaundersit@mozilla.com;F;10;Ginger;B
Ian;Turmall;iturmalliu@g.co;M;9;Ginger;C
Allayne;Lamanby;alamanbyiv@harvard.edu;M;10;Black;C
Gillian;Dmisek;gdmisekiw@webs.com;F;11;Ginger;C
Ring;Cannell;rcannellix@acquirethisname.com;M;10;Blonde;C
Fredra;Spurritt;fspurrittiy@goo.ne.jp;F;10;Ginger;C
Palmer;Pedrozzi;ppedrozziiz@furl.net;M;8;Blonde;B
Wernher;Bickersteth;wbickerstethj0@dyndns.org;M;11;Ginger;C
Parke;Do Rosario;pdorosarioj1@trellian.com;M;12;Black;B
Mora;Keyser;mkeyserj2@zdnet.com;F;12;Ginger;A
Griffy;Keeves;gkeevesj3@vistaprint.com;M;10;Brown;C
Kellen;Brockest;kbrockestj4@businessweek.com;M;10;Ginger;A
Tiebout;Evennett;tevennettj5@wikispaces.com;M;10;Blonde;A
Glynda;Warrener;gwarrenerj6@huffingtonpost.com;F;11;Black;C
Florian;Bertl;fbertlj7@bandcamp.com;M;9;Blonde;C
Aeriel;Moy;amoyj8@engadget.com;F;9;Ginger;A
Rriocard;Kahane;rkahanej9@ihg.com;M;12;Brown;C
Bette-ann;Danihel;bdanihelja@sciencedaily.com;F;11;Ginger;C
Minny;Collacombe;mcollacombejb@engadget.com;F;9;Ginger;A
Jaime;Ralling;jrallingjc@xing.com;F;11;Black;B
Cyndie;Neary;cnearyjd@skyrock.com;F;10;Blonde;B
Falito;Proffitt;fproffittje@abc.net.au;M;8;Brown;A
Andria;Gilmartin;agilmartinjf@army.mil;F;11;Ginger;B
Cesaro;Bartrum;cbartrumjg@goo.gl;M;12;Blonde;B
Silvano;Christy;schristyjh@linkedin.com;M;8;Ginger;C
Nikaniki;Cockren;ncockrenji@walmart.com;F;12;Black;A
Tiebout;Walcher;twalcherjj@uol.com.br;M;8;Brown;C
Marianne;McKernan;mmckernanjk@mapy.cz;F;10;Ginger;B
Naoma;Slesser;nslesserjl@etsy.com;F;11;Blonde;C
Cesare;Harral;charraljm@networksolutions.com;M;11;Black;B
Lukas;Leaman;lleamanjn@scientificamerican.com;M;8;Black;A
Bianka;Mander;bmanderjo@walmart.com;F;12;Blonde;B
Kelila;Morfell;kmorfelljp@phpbb.com;F;11;Ginger;A
Frasco;MacCawley;fmaccawleyjq@hibu.com;M;12;Black;B
Kinna;Spong;kspongjr@blogs.com;F;11;Blonde;B
Tess;Duffet;tduffetjs@vk.com;F;10;Ginger;A
Amy;Ziebart;aziebartjt@cornell.edu;F;9;Ginger;C
Rebecka;Skelhorn;rskelhornju@netlog.com;F;12;Brown;A
Rheba;Cundey;rcundeyjv@nih.gov;F;9;Ginger;C
Granville;Bernolet;gbernoletjw@cocolog-nifty.com;M;9;Blonde;A
Jacquelin;Ostick;jostickjx@businessinsider.com;F;10;Ginger;C
Seymour;Berget;sbergetjy@hugedomains.com;M;11;Brown;A
Beniamino;Coviello;bcoviellojz@vinaora.com;M;8;Blonde;B
Fergus;Le Cornu;flecornuk0@craigslist.org;M;11;Black;A
Peggy;Willgoose;pwillgoosek1@phoca.cz;F;11;Brown;C
Si;Stallion;sstallionk2@google.com.hk;M;10;Blonde;A
Niki;Elson;nelsonk3@webs.com;M;9;Black;B
Sonny;Gatling;sgatlingk4@netscape.com;M;9;Brown;A
Wren;Hallitt;whallittk5@freewebs.com;F;9;Ginger;B
Kaspar;Hassewell;khassewellk6@domainmarket.com;M;9;Blonde;C
Nathanial;Lowers;nlowersk7@tripadvisor.com;M;11;Ginger;C
Penrod;Bilbrey;pbilbreyk8@privacy.gov.au;M;11;Brown;A
Say;McReynolds;smcreynoldsk9@dropbox.com;M;10;Brown;C
Shea;Freke;sfrekeka@unc.edu;F;8;Black;B
Alejandrina;Reubens;areubenskb@mashable.com;F;11;Blonde;A
Grove;Dmisek;gdmisekkc@pinterest.com;M;10;Black;B
Prudence;Farra;pfarrakd@sbwire.com;F;8;Ginger;A
Marlo;Hearfield;mhearfieldke@ted.com;F;8;Ginger;B
Conny;Wyant;cwyantkf@abc.net.au;M;9;Brown;A
Travis;Lafflina;tlafflinakg@psu.edu;M;8;Blonde;A
Chelsae;Rebanks;crebankskh@storify.com;F;9;Blonde;A
Obed;Nutting;onuttingki@intel.com;M;8;Brown;B
Clevie;Blasl;cblaslkj@mashable.com;M;11;Blonde;C
Rudyard;Novello;rnovellokk@live.com;M;11;Ginger;B
Lizette;OCrevy;locrevykl@webs.com;F;10;Ginger;B
Jarid;Grandham;jgrandhamkm@globo.com;M;9;Ginger;C
Willamina;Carbry;wcarbrykn@blogs.com;F;11;Brown;A
Noni;Birds;nbirdsko@upenn.edu;F;12;Blonde;C
Bord;Broodes;bbroodeskp@1und1.de;M;10;Ginger;C
Lee;Kersey;lkerseykq@europa.eu;F;10;Black;B
Gerti;Perritt;gperrittkr@pinterest.com;F;11;Blonde;A
Kale;Tivenan;ktivenanks@nature.com;M;10;Brown;B
Holly-anne;Ribbon;hribbonkt@drupal.org;F;10;Blonde;A
Pennie;Zorzoni;pzorzoniku@reddit.com;F;9;Black;C
Guthrie;Winward;gwinwardkv@diigo.com;M;8;Black;B
Angela;Martins;amartinskw@google.de;F;8;Black;C
Carlyle;Schimmang;cschimmangkx@hubpages.com;M;12;Blonde;C
Kyle;Paula;kpaulaky@live.com;M;9;Ginger;C
Dawn;Schustl;dschustlkz@vistaprint.com;F;11;Black;B
Thorny;Drayson;tdraysonl0@miibeian.gov.cn;M;8;Black;B
Paolina;Delleschi;pdelleschil1@harvard.edu;F;10;Brown;A
Cortie;Bagshawe;cbagshawel2@deviantart.com;M;9;Brown;A
Kenyon;Lamy;klamyl3@ted.com;M;11;Black;C
Kaiser;Hickford;khickfordl4@instagram.com;M;12;Blonde;B
Bernette;McMeanma;bmcmeanmal5@etsy.com;F;9;Blonde;A
Nadya;Lincoln;nlincolnl6@fc2.com;F;12;Black;B
Paulina;Reiglar;preiglarl7@dot.gov;F;10;Brown;B
Ethelred;Gostage;egostagel8@fc2.com;M;9;Blonde;B
Evelyn;Dyball;edyballl9@g.co;M;12;Blonde;B
Augustine;Staddart;astaddartla@newsvine.com;F;12;Blonde;A
Osmond;Pleager;opleagerlb@mlb.com;M;9;Black;C
Maddi;Lewsey;mlewseylc@home.pl;F;10;Black;C
Temple;Meeland;tmeelandld@tamu.edu;M;11;Ginger;C
Ajay;Hebbard;ahebbardle@free.fr;F;10;Blonde;B
Giuseppe;Blaney;gblaneylf@cargocollective.com;M;8;Blonde;C
Cris;Leadbetter;cleadbetterlg@boston.com;F;10;Brown;B
Husein;Oakinfold;hoakinfoldlh@nbcnews.com;M;10;Ginger;A
Doroteya;Loughhead;dloughheadli@google.com;F;10;Blonde;B
Rowland;Slatten;rslattenlj@unesco.org;M;9;Blonde;A
Katharina;Ambrogetti;kambrogettilk@skyrock.com;F;8;Blonde;B
Werner;Meaton;wmeatonll@blog.com;M;8;Blonde;A
Tony;Raspin;traspinlm@mail.ru;F;8;Ginger;C
Teri;Huttley;thuttleyln@accuweather.com;F;12;Blonde;A
Terrill;Glascott;tglascottlo@unc.edu;M;12;Black;B
Kathi;Petrushka;kpetrushkalp@opensource.org;F;12;Black;B
Meggy;Hutchins;mhutchinslq@digg.com;F;8;Blonde;C
Hermy;Bowskill;hbowskilllr@unblog.fr;M;12;Black;A
Bradney;de Voiels;bdevoielsls@army.mil;M;8;Brown;B
Hersh;Eltringham;heltringhamlt@mtv.com;M;11;Blonde;A
Ely;Jirick;ejiricklu@nyu.edu;M;12;Ginger;B
Bobinette;Sydall;bsydalllv@seattletimes.com;F;8;Blonde;A
Bruce;Whannel;bwhannellw@uiuc.edu;M;11;Ginger;A
Jessy;Livingstone;jlivingstonelx@mac.com;F;11;Brown;C
Hymie;MacDonogh;hmacdonoghly@usatoday.com;M;8;Brown;B
Temp;Ormistone;tormistonelz@wiley.com;M;9;Ginger;B
Solly;Beckingham;sbeckinghamm0@tamu.edu;M;12;Blonde;C
Dyann;Smitten;dsmittenm1@geocities.com;F;11;Brown;A
Netta;Stihl;nstihlm2@usatoday.com;F;11;Brown;A
Burl;Scole;bscolem3@example.com;M;8;Blonde;A
Rosalynd;Garvie;rgarviem4@youtube.com;F;10;Blonde;A
Ragnar;Welbrock;rwelbrockm5@auda.org.au;M;9;Brown;B
Gayle;Heinzel;gheinzelm6@netvibes.com;M;10;Ginger;A
Georges;Lippiello;glippiellom7@prnewswire.com;M;9;Ginger;C
Felicia;Davidek;fdavidekm8@oracle.com;F;10;Ginger;B
Ettie;Boag;eboagm9@fc2.com;F;8;Brown;B
Jefferey;Drugan;jdruganma@topsy.com;M;12;Blonde;B
Klara;Whorton;kwhortonmb@umich.edu;F;11;Brown;C
Garold;Oddie;goddiemc@wisc.edu;M;8;Brown;B
Madelle;Briance;mbriancemd@huffingtonpost.com;F;10;Black;C
Gherardo;Harg;ghargme@e-recht24.de;M;10;Blonde;C
Etienne;Pinwill;epinwillmf@uiuc.edu;M;12;Blonde;C
Lissa;Smartman;lsmartmanmg@alibaba.com;F;11;Brown;A
Timmie;Stango;tstangomh@plala.or.jp;F;10;Blonde;A
Diego;Benford;dbenfordmi@pinterest.com;M;11;Black;A
Sofie;Joberne;sjobernemj@mozilla.com;F;9;Brown;A
Camala;Geddes;cgeddesmk@delicious.com;F;8;Black;A
Aldrich;Dadge;adadgeml@opensource.org;M;12;Blonde;A
Willey;Hackey;whackeymm@barnesandnoble.com;M;9;Blonde;C
Lewiss;Soldner;lsoldnermn@dell.com;M;11;Black;A
Yuri;Bramah;ybramahmo@scribd.com;M;11;Brown;A
Chrystel;Netley;cnetleymp@friendfeed.com;F;8;Blonde;B
Noelani;Kahen;nkahenmq@seesaa.net;F;10;Blonde;C
Culver;DAlesio;cdalesiomr@example.com;M;11;Brown;B
Lorilyn;Chellam;lchellamms@woothemes.com;F;10;Blonde;C
Kath;Gouge;kgougemt@npr.org;F;12;Black;A
Cullan;Krystek;ckrystekmu@webeden.co.uk;M;12;Blonde;C
Chrissie;Unstead;cunsteadmv@google.nl;M;9;Brown;C
Piggy;Pervew;ppervewmw@i2i.jp;M;10;Black;A
Esmeralda;Vardon;evardonmx@nsw.gov.au;F;8;Black;A
Brena;Cahn;bcahnmy@digg.com;F;12;Ginger;A
Julissa;Antonoyev;jantonoyevmz@scribd.com;F;8;Brown;A
Giulia;Eouzan;geouzann0@independent.co.uk;F;12;Ginger;A
Schuyler;Tomasello;stomasellon1@wired.com;M;11;Blonde;B
Albrecht;Beare;abearen2@godaddy.com;M;8;Brown;B
Rowena;Copcote;rcopcoten3@cargocollective.com;F;11;Blonde;C
Shae;Kipling;skiplingn4@ehow.com;F;11;Black;C
Catie;Giraudo;cgiraudon5@ted.com;F;11;Ginger;A
Tuckie;Morrison;tmorrisonn6@ebay.co.uk;M;9;Ginger;C
Thedric;Birts;tbirtsn7@xinhuanet.com;M;11;Brown;A
Worth;Mawtus;wmawtusn8@google.es;M;9;Ginger;A
Aarika;Larn;alarnn9@geocities.com;F;10;Brown;C
Sibley;Janusz;sjanuszna@amazon.co.jp;F;9;Blonde;C
Carmelle;Heinlein;cheinleinnb@nih.gov;F;10;Brown;C
Anastassia;Gislebert;agislebertnc@reuters.com;F;11;Ginger;A
Barron;Smowton;bsmowtonnd@imgur.com;M;10;Ginger;A
Sonnie;Duchateau;sduchateaune@cornell.edu;M;8;Blonde;B
Doti;Huffadine;dhuffadinenf@ebay.com;F;11;Ginger;B
Veronique;Gerrietz;vgerrietzng@illinois.edu;F;10;Ginger;C
Cullen;Konertz;ckonertznh@newsvine.com;M;12;Ginger;B
Allan;Dairton;adairtonni@google.co.uk;M;11;Black;A
Tab;Gopsell;tgopsellnj@bbb.org;M;12;Blonde;A
Teodor;Kidman;tkidmannk@illinois.edu;M;12;Black;A
Helene;Squibbes;hsquibbesnl@dailymail.co.uk;F;9;Ginger;A
Ogdon;Gittings;ogittingsnm@squarespace.com;M;8;Ginger;A
Evangelia;McGannon;emcgannonnn@altervista.org;F;9;Ginger;C
Tracie;Ivens;tivensno@nbcnews.com;M;11;Blonde;C
Abby;Deeny;adeenynp@themeforest.net;M;9;Blonde;A
Jeramie;Rogerson;jrogersonnq@apple.com;M;11;Blonde;C
Ruperto;Lusk;rlusknr@vkontakte.ru;M;12;Black;B
Bekki;Brambley;bbrambleyns@skype.com;F;10;Blonde;B
Barn;Stickley;bstickleynt@icio.us;M;12;Brown;B
Bibby;Danniel;bdannielnu@deliciousdays.com;F;11;Brown;A
Egbert;Legion;elegionnv@wikimedia.org;M;12;Ginger;A
Nani;Faulkener;nfaulkenernw@dailymotion.com;F;9;Blonde;A
Frasier;MacPaik;fmacpaiknx@ox.ac.uk;M;11;Brown;A
Durant;Caddell;dcaddellny@ning.com;M;10;Black;A
Meyer;Wrigglesworth;mwrigglesworthnz@xinhuanet.com;M;8;Blonde;C
Bryan;Paternoster;bpaternostero0@nih.gov;M;8;Blonde;B
Tracee;Heel;theelo1@tinypic.com;F;11;Brown;B
Tracy;Blumfield;tblumfieldo2@foxnews.com;F;9;Brown;B
Bobbye;Lille;blilleo3@wisc.edu;F;11;Black;B
Josh;Hilhouse;jhilhouseo4@mapy.cz;M;12;Brown;B
Korie;Tench;ktencho5@google.ru;F;12;Blonde;B
Micheline;Cote;mcoteo6@naver.com;F;8;Brown;A
Teirtza;Sawley;tsawleyo7@opensource.org;F;8;Brown;C
Alric;Brader;abradero8@newyorker.com;M;9;Blonde;A
Fiann;Rugiero;frugieroo9@zimbio.com;F;11;Blonde;B
Reg;Ciccottio;rciccottiooa@eventbrite.com;M;10;Ginger;A
Shaughn;Garner;sgarnerob@digg.com;M;10;Black;C
Rufe;Papworth;rpapworthoc@trellian.com;M;9;Brown;C
Florina;Clementi;fclementiod@a8.net;F;8;Brown;B
Rube;McGaugey;rmcgaugeyoe@pen.io;M;9;Blonde;C
Noell;Firby;nfirbyof@163.com;F;10;Black;A
Devlin;Cadigan;dcadiganog@yahoo.co.jp;M;11;Ginger;A
Far;Brasseur;fbrasseuroh@businessinsider.com;M;12;Black;C
Korey;Bourhill;kbourhilloi@census.gov;M;8;Blonde;C
Tabbi;Cronkshaw;tcronkshawoj@myspace.com;F;11;Black;B
Gusty;Spick;gspickok@dagondesign.com;F;10;Blonde;A
Cory;Du Barry;cdubarryol@msn.com;F;9;Black;C
Merrile;Fanthom;mfanthomom@yolasite.com;F;8;Blonde;A
Anett;Clough;acloughon@auda.org.au;F;8;Ginger;C
Vachel;Whatley;vwhatleyoo@bloglovin.com;M;9;Black;C
Abagail;Cardinale;acardinaleop@patch.com;F;9;Blonde;A
Liana;De Giorgi;ldegiorgioq@nih.gov;F;12;Ginger;B
Janith;Minchi;jminchior@salon.com;F;8;Brown;B
Milty;Willwood;mwillwoodos@1und1.de;M;12;Brown;C
Eldridge;Vedntyev;evedntyevot@redcross.org;M;10;Black;A
Donni;Butlin;dbutlinou@youtube.com;F;12;Blonde;C
Tiffani;Minghella;tminghellaov@blog.com;F;9;Brown;C
Ian;Rougier;irougierow@nsw.gov.au;M;12;Blonde;C
Alleyn;Rawdall;arawdallox@google.pl;M;10;Blonde;B
Michal;Tebbett;mtebbettoy@ucsd.edu;M;10;Ginger;B
Menard;Pietzker;mpietzkeroz@twitpic.com;M;8;Ginger;B
Almeria;Francois;afrancoisp0@ibm.com;F;9;Ginger;A
Cob;Allebone;callebonep1@taobao.com;M;8;Brown;B
Myranda;Benjafield;mbenjafieldp2@wp.com;F;12;Blonde;C
Miriam;Lampart;mlampartp3@google.cn;F;8;Black;A
Eddi;Hryniewicki;ehryniewickip4@flickr.com;F;8;Blonde;C
Aubrie;Quilty;aquiltyp5@nps.gov;F;11;Blonde;A
Tedd;Tugwell;ttugwellp6@yellowbook.com;M;12;Brown;A
Madel;Haucke;mhauckep7@addthis.com;F;12;Ginger;C
Fran;Chater;fchaterp8@hao123.com;F;9;Brown;C
Drucy;Cleve;dclevep9@unicef.org;F;12;Black;C
Ilse;Stabbins;istabbinspa@fc2.com;F;9;Black;B
Angie;Scrase;ascrasepb@gravatar.com;M;8;Brown;C
Calvin;Faucherand;cfaucherandpc@plala.or.jp;M;9;Black;C
Nicolis;Gallier;ngallierpd@google.es;M;12;Ginger;A
Leanora;Pipes;lpipespe@berkeley.edu;F;10;Ginger;B
Rourke;Janus;rjanuspf@google.com.br;M;12;Ginger;B
Katleen;Tarte;ktartepg@1688.com;F;9;Blonde;C
Lara;Valeri;lvaleriph@feedburner.com;F;9;Black;C
Maurene;Diemer;mdiemerpi@edublogs.org;F;9;Blonde;A
Sidney;Lambricht;slambrichtpj@fastcompany.com;M;12;Brown;B
Jonis;Labat;jlabatpk@fastcompany.com;F;9;Brown;B
Janis;West;jwestpl@nsw.gov.au;F;9;Brown;A
Othilia;Phillipps;ophillippspm@mysql.com;F;9;Ginger;B
Howie;Kippie;hkippiepn@huffingtonpost.com;M;8;Blonde;C
Halsy;Keen;hkeenpo@disqus.com;M;9;Blonde;B
Fannie;Phelipeaux;fphelipeauxpp@ucsd.edu;F;10;Brown;C
Mildred;Kimmel;mkimmelpq@illinois.edu;F;9;Blonde;C
Barbra;Tollfree;btollfreepr@opensource.org;F;8;Black;B
Gerhardt;Welds;gweldsps@go.com;M;8;Brown;B
Kingsley;Lamdin;klamdinpt@instagram.com;M;9;Black;C
Roth;Pellett;rpellettpu@slideshare.net;M;8;Black;B
Fidelio;Brawson;fbrawsonpv@apple.com;M;12;Black;A
Harlen;Grahame;hgrahamepw@senate.gov;M;11;Black;C
Katine;Hammant;khammantpx@wikispaces.com;F;9;Black;B
Rozele;Kornilyev;rkornilyevpy@paypal.com;F;12;Black;B
Waiter;Handscombe;whandscombepz@opensource.org;M;12;Black;A
Saxon;Jobling;sjoblingq0@nyu.edu;M;11;Blonde;B
Noreen;Power;npowerq1@nba.com;F;9;Black;C
Terry;Stollhofer;tstollhoferq2@unblog.fr;F;8;Brown;B
Trude;Lunny;tlunnyq3@bravesites.com;F;11;Brown;A
Catherina;Vaughten;cvaughtenq4@360.cn;F;9;Brown;A
Marley;Drage;mdrageq5@biglobe.ne.jp;F;9;Blonde;C
Freida;Stainer;fstainerq6@scribd.com;F;11;Blonde;A
Keen;Whatmough;kwhatmoughq7@google.ca;M;10;Black;C
Jonas;Lillicrop;jlillicropq8@wordpress.com;M;8;Black;A
Rafael;Lyenyng;rlyenyngq9@yelp.com;M;10;Black;B
Molly;Freeborn;mfreebornqa@blog.com;F;9;Blonde;C
Byran;Cloonan;bcloonanqb@discuz.net;M;11;Ginger;B
Harley;Adnett;hadnettqc@pagesperso-orange.fr;F;8;Brown;B
Lynda;Greenhill;lgreenhillqd@vk.com;F;9;Ginger;A
Daniel;Trorey;dtroreyqe@java.com;M;12;Black;B
Bogart;Hyett;bhyettqf@forbes.com;M;12;Ginger;C
Kristoffer;Hellin;khellinqg@imdb.com;M;8;Ginger;C
Gypsy;Passingham;gpassinghamqh@marriott.com;F;11;Brown;C
Bendite;Espinel;bespinelqi@archive.org;F;8;Brown;A
Katharyn;Anmore;kanmoreqj@google.ru;F;10;Brown;C
Penni;McReath;pmcreathqk@noaa.gov;F;8;Black;A
Lesley;Jacobowitz;ljacobowitzql@wsj.com;M;10;Brown;A
Adena;De Fries;adefriesqm@biblegateway.com;F;12;Blonde;B
Jamill;Dabney;jdabneyqn@indiatimes.com;M;9;Ginger;A
Davis;Stowers;dstowersqo@bloglovin.com;M;9;Brown;C
Harald;Asson;hassonqp@arizona.edu;M;12;Black;A
Cash;Crier;ccrierqq@cpanel.net;M;10;Black;A
Latrena;Perri;lperriqr@prlog.org;F;10;Brown;A
Ardelia;Habbon;ahabbonqs@blinklist.com;F;8;Ginger;C
Fergus;Gingell;fgingellqt@angelfire.com;M;8;Ginger;C
Arley;Jenkins;ajenkinsqu@salon.com;M;8;Blonde;A
Milicent;Shoesmith;mshoesmithqv@cdbaby.com;F;11;Blonde;A
Manda;De Bellis;mdebellisqw@1und1.de;F;10;Brown;A
Becky;Gaddie;bgaddieqx@ca.gov;F;10;Blonde;C
Melloney;Joiner;mjoinerqy@trellian.com;F;12;Brown;B
Gerry;Verden;gverdenqz@dagondesign.com;M;12;Brown;C
Sapphira;Hurrell;shurrellr0@wikispaces.com;F;11;Blonde;A
Quint;Loney;qloneyr1@tuttocitta.it;M;10;Black;A
Mellisa;Giacoppoli;mgiacoppolir2@washington.edu;F;10;Brown;B
Christiana;Poschel;cposchelr3@unblog.fr;F;10;Black;B
Avictor;Zavattari;azavattarir4@amazonaws.com;M;11;Blonde;A
Stanwood;Oakenfull;soakenfullr5@live.com;M;8;Blonde;B
Velvet;Conneau;vconneaur6@google.fr;F;9;Brown;C
Daveta;Woonton;dwoontonr7@phoca.cz;F;8;Blonde;C
Gerrilee;Sharville;gsharviller8@ibm.com;F;8;Black;A
Chariot;Caddock;ccaddockr9@marketwatch.com;M;9;Blonde;A
Athene;Donahue;adonahuera@bizjournals.com;F;11;Blonde;B
Corrie;Mainz;cmainzrb@bbb.org;F;12;Ginger;A
Mareah;Johnys;mjohnysrc@reference.com;F;10;Black;A
Winny;Frape;wfraperd@slideshare.net;M;10;Black;A
Randie;Tettley;rtettleyre@indiegogo.com;F;9;Blonde;B
Dud;Vinson;dvinsonrf@people.com.cn;M;10;Ginger;C
Nana;Roderick;nroderickrg@blogtalkradio.com;F;11;Brown;A
Beryle;Streeten;bstreetenrh@va.gov;F;9;Black;B
Haley;Vondruska;hvondruskari@xinhuanet.com;F;12;Brown;C
Nanci;Jermy;njermyrj@narod.ru;F;12;Ginger;C
Deane;Leven;dlevenrk@cyberchimps.com;F;10;Brown;C
Roger;Eldrid;reldridrl@un.org;M;12;Ginger;B
Sydney;Basire;sbasirerm@ucoz.com;F;8;Blonde;B
Clywd;MacBain;cmacbainrn@bluehost.com;M;12;Ginger;B
Tulley;Hassard;thassardro@shinystat.com;M;8;Black;A
Meyer;Melia;mmeliarp@cpanel.net;M;11;Brown;A
Lib;Starsmeare;lstarsmearerq@yellowbook.com;F;12;Black;A
Ezra;Fawdrie;efawdrierr@rakuten.co.jp;M;12;Blonde;B
